Cluster,Hybrid
23,P1000:P2030
23,P1001:P2030
5,P1002:P1158
23,P1002:P2030
3,P1003:P1803
22,P1004:P2691
6,P1005:P1686
6,P1005:P1687
47,P1005:P1716
11,P1006:P1389
11,P1006:P1396
22,P1006:P1413
11,P1006:P1537
11,P1006:P1542
11,P1006:P1567
11,P1006:P1572
11,P1006:P1576
11,P1006:P1581
11,P1006:P1583
11,P1006:P1594
11,P1006:P1601
11,P1006:P1631
11,P1006:P1677
11,P1006:P1687
11,P1006:P1711
11,P1006:P1716
11,P1006:P1731
11,P1006:P1733
11,P1006:P1746
44,P1007:P1138
44,P1007:P1379
43,P1007:P1383
43,P1007:P1384
43,P1007:P1391
44,P1007:P1397
44,P1007:P1408
44,P1007:P1409
43,P1007:P1412
44,P1007:P1519
43,P1007:P1527
43,P1007:P1535
43,P1007:P1537
43,P1007:P1543
44,P1007:P1551
44,P1007:P1558
43,P1007:P1590
44,P1007:P1632
44,P1007:P1633
44,P1007:P1675
44,P1007:P1676
44,P1007:P1677
44,P1007:P1679
6,P1007:P1686
6,P1007:P1687
44,P1007:P1688
44,P1007:P1693
22,P1007:P1696
22,P1007:P1698
22,P1007:P1699
44,P1007:P1700
44,P1007:P1701
44,P1007:P1702
44,P1007:P1707
43,P1007:P1716
22,P1007:P1721
44,P1007:P1722
44,P1007:P1723
44,P1007:P1726
44,P1007:P1729
44,P1007:P1775
44,P1007:P1784
22,P1007:P1913
44,P1007:P1915
22,P1007:P2003
22,P1007:P2005
44,P1007:P2693
6,P1008:P1688
43,P1008:P1716
43,P1009:P1710
43,P1009:P1711
21,P1010:P1678
6,P1010:P1687
43,P1010:P1716
21,P1010:P1720
27,P1010:P1753
22,P1011:P1483
22,P1011:P1709
21,P1012:P1600
17,P1012:P1716
17,P1013:P1379
17,P1013:P1390
17,P1013:P1411
21,P1013:P1493
21,P1013:P1495
17,P1013:P1515
17,P1013:P1517
21,P1013:P1520
21,P1013:P1529
17,P1013:P1538
17,P1013:P1542
17,P1013:P1546
17,P1013:P1553
17,P1013:P1589
22,P1013:P1626
17,P1013:P1629
21,P1013:P1678
17,P1013:P1692
17,P1013:P1695
17,P1013:P1716
21,P1013:P1722
17,P1013:P1732
17,P1013:P1745
17,P1013:P1748
17,P1013:P1835
17,P1013:P1930
24,P1014:P1171
47,P1015:P1395
24,P1016:P1171
31,P1016:P2308
31,P1016:P2660
18,P1017:P1978
21,P1025:P1722
21,P1026:P1174
21,P1026:P1176
21,P1026:P1515
17,P1026:P1535
17,P1026:P1539
21,P1026:P1545
17,P1026:P1547
21,P1026:P1549
17,P1026:P1562
21,P1026:P1563
17,P1026:P1566
17,P1026:P1567
21,P1026:P1581
17,P1026:P1598
21,P1026:P1600
21,P1026:P1603
17,P1026:P1607
17,P1026:P1608
21,P1026:P1609
21,P1026:P1611
17,P1026:P1629
21,P1026:P1679
21,P1026:P1686
21,P1026:P1715
17,P1026:P1716
21,P1026:P1723
21,P1026:P1729
21,P1026:P1765
21,P1026:P1774
21,P1026:P1788
21,P1026:P1796
21,P1026:P1801
17,P1026:P1928
17,P1026:P1930
21,P1026:P1939
17,P1026:P1941
21,P1026:P1973
21,P1026:P2664
17,P1027:P1540
17,P1027:P1567
22,P1027:P1571
21,P1027:P1586
17,P1027:P1629
21,P1027:P1678
17,P1027:P1716
22,P1028:P1534
21,P1028:P1538
21,P1028:P1627
21,P1028:P1686
21,P1029:P1525
21,P1029:P1536
21,P1029:P1677
17,P1029:P1716
21,P1029:P1750
21,P1030:P1722
29,P1031:P1384
29,P1031:P1395
29,P1031:P1483
29,P1031:P1490
29,P1031:P1493
8,P1031:P1499
29,P1031:P1516
29,P1031:P1527
29,P1031:P1530
29,P1031:P1531
29,P1031:P1578
29,P1031:P1595
29,P1031:P1599
29,P1031:P1605
29,P1031:P1610
29,P1031:P1616
29,P1031:P1619
29,P1031:P1624
29,P1031:P1703
29,P1031:P1704
29,P1031:P1715
29,P1031:P1719
29,P1031:P1741
29,P1031:P1771
29,P1031:P1805
29,P1031:P1922
29,P1031:P1937
14,P1032:P1722
17,P1033:P1929
17,P1034:P1382
21,P1034:P1687
21,P1035:P1676
47,P1036:P1537
47,P1036:P1625
47,P1036:P1629
47,P1036:P1716
47,P1036:P1717
1,P1036:P1927
1,P1036:P2223
24,P1037:P1171
2,P1037:P1676
14,P1038:P1722
2,P1039:P1142
2,P1039:P1544
2,P1039:P1577
2,P1039:P1580
2,P1039:P1614
2,P1039:P1624
2,P1039:P1680
2,P1039:P1717
2,P1039:P1724
2,P1039:P1725
2,P1039:P1729
2,P1039:P1731
2,P1039:P1734
2,P1039:P1761
2,P1039:P1801
2,P1039:P1920
2,P1039:P1921
22,P1040:P1483
8,P1041:P1499
14,P1041:P1595
14,P1041:P1613
14,P1041:P1617
14,P1041:P1620
14,P1041:P1686
14,P1041:P1718
14,P1041:P1733
14,P1041:P1737
14,P1041:P1744
25,P1041:P1778
25,P1041:P1779
24,P1042:P1171
8,P1042:P1499
2,P1042:P1554
2,P1042:P1592
14,P1042:P1722
14,P1042:P1796
3,P1043:P1803
24,P1044:P1171
17,P1044:P1716
17,P1044:P1746
21,P1044:P1826
21,P1045:P1676
21,P1045:P1743
38,P1046:P1069
9,P1046:P1136
38,P1046:P1138
38,P1046:P1142
9,P1046:P1162
38,P1046:P1512
38,P1046:P1624
38,P1046:P1794
38,P1046:P1797
38,P1046:P1806
9,P1046:P1819
38,P1046:P1918
38,P1046:P1936
38,P1046:P1952
38,P1046:P1954
9,P1046:P1966
9,P1046:P1967
9,P1046:P1968
9,P1046:P1969
9,P1046:P1970
9,P1046:P1978
9,P1046:P1979
16,P1046:P1983
9,P1046:P1984
9,P1046:P1990
38,P1046:P1993
7,P1046:P2025
23,P1046:P2030
9,P1046:P2120
38,P1046:P2134
9,P1046:P2136
38,P1046:P2139
9,P1046:P2212
9,P1046:P2219
9,P1046:P2220
38,P1046:P2223
38,P1046:P2225
38,P1046:P2228
9,P1046:P2254
9,P1046:P2284
38,P1046:P2293
38,P1046:P2295
38,P1046:P2296
9,P1046:P2323
9,P1046:P2388
9,P1046:P2394
9,P1046:P2395
9,P1046:P2398
9,P1046:P2400
9,P1046:P2410
9,P1046:P2436
9,P1046:P2445
9,P1046:P2450
9,P1046:P2458
9,P1046:P2483
38,P1046:P2484
9,P1046:P2564
38,P1046:P2569
9,P1046:P2574
38,P1046:P2587
9,P1046:P2592
38,P1046:P2600
38,P1046:P2604
38,P1046:P2606
9,P1046:P2607
38,P1046:P2608
9,P1046:P2617
38,P1046:P2663
38,P1046:P2664
1,P1047:P1975
5,P1047:P2032
0,P1048:P1978
28,P1049:P1778
22,P1050:P1979
34,P1051:P1482
34,P1051:P1513
34,P1051:P1514
22,P1051:P1685
34,P1051:P1686
34,P1051:P1687
34,P1051:P1689
34,P1051:P1708
34,P1051:P1723
34,P1051:P1726
34,P1051:P1729
22,P1051:P1730
34,P1051:P1735
22,P1051:P1736
34,P1051:P1746
34,P1051:P1764
34,P1051:P1914
22,P1051:P2000
34,P1051:P2009
34,P1051:P2010
34,P1051:P2693
34,P1051:P2694
34,P1052:P1676
34,P1053:P1676
34,P1053:P1709
34,P1053:P1716
34,P1053:P1722
22,P1054:P1978
22,P1055:P1128
22,P1055:P1674
29,P1056:P1379
17,P1057:P1716
21,P1057:P1720
21,P1057:P1735
21,P1057:P1737
21,P1058:P1492
17,P1058:P1716
21,P1058:P1758
21,P1058:P1767
21,P1058:P1841
21,P1058:P1914
21,P1058:P1926
2,P1059:P1739
25,P1060:P1142
25,P1060:P1144
8,P1060:P1176
14,P1060:P1490
14,P1060:P1493
14,P1060:P1514
14,P1060:P1555
14,P1060:P1557
14,P1060:P1575
25,P1060:P1593
14,P1060:P1612
14,P1060:P1617
25,P1060:P1621
14,P1060:P1705
14,P1060:P1712
14,P1060:P1722
14,P1060:P1728
14,P1060:P1740
25,P1060:P1757
25,P1060:P1760
25,P1060:P1773
14,P1060:P1783
25,P1060:P1788
25,P1060:P1940
25,P1060:P2041
25,P1060:P2042
25,P1060:P2660
25,P1061:P1778
14,P1062:P1720
25,P1063:P1627
25,P1063:P1762
25,P1063:P1778
25,P1063:P1797
25,P1063:P1801
25,P1063:P1823
25,P1063:P1828
25,P1063:P2214
10,P1064:P1156
25,P1064:P1778
23,P1064:P2030
24,P1065:P1173
8,P1065:P1178
22,P1065:P1179
36,P1065:P1681
47,P1065:P1733
3,P1065:P1759
45,P1065:P1912
45,P1065:P1989
22,P1065:P2001
23,P1065:P2030
15,P1065:P2309
27,P1066:P1753
46,P1066:P1776
14,P1066:P1918
46,P1066:P1958
25,P1067:P1173
14,P1067:P1493
25,P1067:P1637
25,P1067:P1723
14,P1067:P1727
25,P1067:P1755
22,P1067:P1780
25,P1067:P1785
25,P1067:P1793
25,P1067:P1811
25,P1067:P1818
25,P1067:P1825
25,P1067:P1826
25,P1067:P1848
25,P1067:P1909
25,P1067:P1927
18,P1067:P1978
25,P1067:P2238
25,P1067:P2243
25,P1067:P2254
25,P1067:P2292
25,P1067:P2390
25,P1067:P2570
25,P1067:P2580
36,P1068:P1818
36,P1068:P1820
36,P1068:P1824
45,P1068:P1976
45,P1068:P1986
45,P1068:P2481
36,P1068:P2661
24,P1070:P1171
47,P1070:P1716
6,P1070:P1767
31,P1071:P1775
36,P1071:P1783
18,P1071:P1978
18,P1072:P1978
18,P1072:P1979
31,P1072:P2659
6,P1073:P1686
36,P1074:P1294
47,P1091:P1716
18,P1091:P1978
18,P1091:P1979
42,P1091:P2317
31,P1091:P2662
5,P1092:P1119
0,P1093:P1978
45,P1093:P1979
31,P1094:P1142
31,P1094:P1167
31,P1094:P1481
31,P1094:P1500
31,P1094:P1637
31,P1094:P1810
31,P1094:P1968
18,P1094:P1978
18,P1094:P1979
16,P1094:P1983
31,P1094:P2028
31,P1094:P2126
31,P1094:P2288
31,P1094:P2307
31,P1094:P2423
31,P1094:P2463
31,P1094:P2464
31,P1094:P2563
31,P1094:P2660
31,P1094:P2662
31,P1094:P2681
10,P1095:P1156
23,P1095:P2030
4,P1116:P1386
4,P1116:P1387
4,P1116:P1394
4,P1116:P1537
43,P1117:P1537
5,P1118:P1295
33,P1118:P1320
5,P1119:P1195
5,P1119:P1199
5,P1119:P1201
5,P1119:P1209
5,P1119:P1214
5,P1119:P1309
5,P1120:P1219
5,P1120:P1240
5,P1120:P1301
22,P1121:P1318
5,P1127:P1219
20,P1127:P1298
32,P1129:P1905
15,P1130:P1240
3,P1130:P1243
49,P1130:P1306
48,P1131:P1240
15,P1132:P1209
15,P1132:P1217
15,P1132:P1249
5,P1133:P1217
5,P1134:P1189
49,P1134:P1305
5,P1135:P1343
5,P1137:P1217
5,P1137:P1283
29,P1138:P1185
3,P1139:P1189
3,P1139:P1219
3,P1139:P1246
3,P1139:P1257
20,P1139:P1298
3,P1139:P2064
0,P1140:P1223
28,P1141:P1243
28,P1141:P1293
28,P1142:P1240
28,P1142:P1243
31,P1142:P1480
28,P1142:P1659
28,P1142:P2064
28,P1142:P2149
28,P1142:P2179
28,P1142:P2180
28,P1142:P2350
28,P1142:P2352
28,P1142:P2475
28,P1142:P2493
28,P1142:P2497
28,P1142:P2499
28,P1142:P2505
28,P1142:P2506
28,P1142:P2511
28,P1142:P2637
22,P1143:P1267
46,P1144:P1319
22,P1146:P1280
22,P1147:P1294
48,P1148:P1244
5,P1149:P1201
5,P1149:P1217
5,P1150:P1295
23,P1151:P1317
5,P1152:P1295
30,P1153:P1304
35,P1154:P1240
23,P1155:P1294
22,P1156:P1203
10,P1156:P1222
22,P1156:P1225
10,P1156:P1227
10,P1156:P1257
10,P1156:P1263
10,P1156:P1285
10,P1156:P1295
10,P1156:P1296
10,P1156:P1311
10,P1156:P1312
10,P1156:P1316
10,P1156:P1317
10,P1156:P1318
22,P1156:P1332
10,P1156:P1336
10,P1156:P1337
10,P1156:P1341
10,P1156:P1480
10,P1156:P2057
22,P1156:P2193
10,P1156:P2204
10,P1156:P2367
10,P1156:P2369
10,P1156:P2372
10,P1156:P2382
10,P1156:P2478
10,P1156:P2547
10,P1156:P2549
10,P1156:P2553
10,P1156:P2556
10,P1156:P2558
10,P1156:P2562
10,P1156:P2682
10,P1156:P2684
35,P1157:P1300
35,P1157:P1309
35,P1157:P1318
35,P1157:P1319
35,P1157:P1320
35,P1157:P1323
35,P1157:P1328
35,P1157:P1329
35,P1157:P1480
35,P1157:P2380
35,P1157:P2509
35,P1157:P2518
35,P1157:P2548
35,P1157:P2554
35,P1157:P2560
35,P1157:P2683
22,P1157:P2686
5,P1159:P1284
5,P1159:P2154
5,P1159:P2203
48,P1160:P1208
33,P1160:P1318
32,P1160:P1329
0,P1160:P1343
48,P1161:P1208
33,P1161:P1320
48,P1162:P1208
5,P1162:P1223
5,P1162:P1279
5,P1162:P1302
30,P1162:P1304
5,P1162:P2640
35,P1163:P1336
23,P1164:P1206
23,P1164:P1264
5,P1165:P1295
5,P1166:P1234
32,P1167:P1289
32,P1167:P1320
12,P1168:P1237
32,P1168:P1262
32,P1168:P1289
32,P1168:P1294
32,P1168:P1295
32,P1168:P1298
32,P1168:P1302
32,P1168:P1316
32,P1168:P1697
32,P1168:P1726
32,P1168:P1889
32,P1168:P1892
32,P1168:P1898
32,P1168:P1899
32,P1168:P1901
32,P1168:P1905
32,P1168:P2150
32,P1168:P2172
32,P1168:P2186
32,P1168:P2187
32,P1168:P2198
32,P1169:P1295
32,P1170:P1195
24,P1171:P1185
24,P1171:P1187
24,P1171:P1191
24,P1171:P1195
24,P1171:P1196
24,P1171:P1240
24,P1171:P1241
24,P1171:P1258
24,P1171:P1464
24,P1171:P1507
24,P1171:P1850
24,P1171:P1854
24,P1171:P1863
24,P1171:P1866
24,P1171:P2015
41,P1172:P1187
24,P1173:P1195
41,P1174:P1186
41,P1175:P1854
41,P1176:P1187
12,P1176:P1237
41,P1176:P1505
3,P1177:P1240
32,P1177:P2150
31,P1183:P1288
6,P1184:P1686
29,P1185:P1580
29,P1185:P1597
29,P1185:P1713
29,P1185:P1714
29,P1185:P1718
29,P1185:P1737
29,P1185:P1743
29,P1185:P1750
29,P1185:P1752
29,P1185:P1754
29,P1185:P1756
29,P1185:P1766
29,P1185:P1790
29,P1185:P1796
29,P1185:P1945
29,P1185:P2006
47,P1186:P1537
41,P1186:P1591
47,P1186:P1716
41,P1186:P1738
41,P1186:P1750
1,P1186:P1753
1,P1186:P1787
1,P1186:P1788
41,P1186:P1840
1,P1186:P1917
41,P1187:P1623
47,P1187:P1625
41,P1187:P1627
41,P1187:P1751
1,P1187:P1767
1,P1187:P1769
1,P1187:P1772
41,P1187:P1822
22,P1187:P1972
41,P1187:P2034
41,P1187:P2663
21,P1188:P1694
28,P1188:P1792
47,P1189:P1537
2,P1189:P1678
3,P1189:P1742
3,P1189:P1765
3,P1189:P1770
3,P1189:P1926
28,P1189:P1956
3,P1189:P1975
1,P1190:P1787
1,P1191:P1743
29,P1192:P1536
47,P1192:P1537
29,P1192:P1566
29,P1192:P1581
47,P1192:P1625
29,P1192:P1686
27,P1192:P1753
29,P1192:P1923
21,P1193:P1722
21,P1193:P1743
21,P1193:P1767
21,P1193:P2426
22,P1194:P1743
22,P1195:P1690
5,P1195:P1809
36,P1195:P1814
28,P1195:P1826
41,P1195:P1945
0,P1195:P1968
15,P1195:P2312
0,P1195:P2395
15,P1195:P2449
24,P1196:P1488
22,P1196:P1491
8,P1196:P1496
21,P1196:P1498
8,P1196:P1525
3,P1196:P1532
21,P1196:P1538
21,P1196:P1541
3,P1196:P1595
3,P1196:P1624
21,P1196:P1634
47,P1196:P1733
21,P1196:P1747
21,P1196:P1789
3,P1196:P1919
3,P1196:P1923
3,P1196:P1925
21,P1196:P1927
3,P1196:P2069
21,P1196:P2266
15,P1197:P2392
22,P1198:P2030
0,P1199:P1978
7,P1199:P2025
28,P1199:P2386
0,P1199:P2388
28,P1199:P2397
23,P1199:P2431
22,P1199:P2593
15,P1199:P2618
45,P1200:P1981
5,P1201:P1809
15,P1201:P2624
19,P1202:P1501
36,P1204:P1824
42,P1204:P2441
15,P1205:P2441
15,P1206:P2442
15,P1206:P2456
0,P1207:P1978
45,P1207:P2096
0,P1207:P2326
48,P1208:P1682
48,P1208:P1794
48,P1208:P1977
48,P1208:P1979
48,P1208:P1981
48,P1208:P1982
16,P1208:P1983
48,P1208:P1988
48,P1208:P2037
48,P1208:P2038
48,P1208:P2071
48,P1208:P2093
48,P1208:P2095
48,P1208:P2096
26,P1208:P2102
48,P1208:P2119
48,P1208:P2124
3,P1208:P2223
48,P1208:P2262
48,P1208:P2324
48,P1208:P2336
48,P1208:P2396
48,P1208:P2403
48,P1208:P2448
48,P1208:P2566
48,P1208:P2568
22,P1208:P2593
48,P1208:P2617
15,P1208:P2620
48,P1208:P2628
0,P1210:P1978
15,P1211:P2444
23,P1212:P2030
23,P1213:P2023
36,P1213:P2028
15,P1213:P2339
22,P1213:P2443
36,P1214:P1821
45,P1214:P1979
36,P1214:P2028
22,P1215:P1978
22,P1215:P1979
28,P1216:P1980
16,P1216:P1983
23,P1216:P2029
23,P1216:P2432
28,P1216:P2482
0,P1216:P2567
36,P1217:P1637
36,P1217:P1812
36,P1217:P1814
7,P1217:P2025
36,P1217:P2099
35,P1217:P2128
0,P1217:P2240
0,P1217:P2395
36,P1217:P2406
36,P1217:P2408
36,P1217:P2599
23,P1218:P2026
3,P1219:P1787
28,P1219:P1795
3,P1219:P1797
3,P1219:P1798
27,P1219:P1946
16,P1219:P1983
7,P1219:P2025
3,P1219:P2087
28,P1219:P2126
3,P1219:P2137
36,P1219:P2251
15,P1219:P2287
32,P1219:P2340
36,P1219:P2426
15,P1219:P2457
7,P1219:P2461
0,P1219:P2578
36,P1219:P2582
36,P1219:P2586
3,P1219:P2604
3,P1219:P2605
22,P1219:P2626
15,P1220:P2314
0,P1221:P1978
0,P1221:P2222
15,P1221:P2621
20,P1223:P2659
0,P1224:P1978
23,P1224:P2026
36,P1226:P2028
36,P1227:P1777
15,P1227:P2144
36,P1227:P2239
15,P1227:P2287
10,P1227:P2412
5,P1227:P2435
16,P1227:P2577
36,P1228:P2447
0,P1228:P2571
22,P1228:P2593
15,P1228:P2620
28,P1229:P1980
7,P1229:P2025
36,P1229:P2255
15,P1229:P2314
10,P1229:P2331
23,P1229:P2431
15,P1229:P2457
36,P1229:P2607
15,P1230:P2312
23,P1231:P2030
23,P1232:P2030
23,P1233:P2030
22,P1236:P1676
28,P1236:P1722
12,P1237:P1552
12,P1237:P1569
12,P1237:P1581
12,P1237:P1588
12,P1237:P1630
12,P1237:P1637
12,P1237:P1688
12,P1237:P1701
12,P1237:P1716
12,P1237:P1738
12,P1237:P1749
12,P1237:P1783
12,P1237:P1801
12,P1237:P1803
12,P1237:P1810
12,P1237:P1828
12,P1237:P1841
12,P1237:P1843
12,P1237:P1923
12,P1237:P1927
12,P1237:P1938
12,P1237:P1943
12,P1237:P1946
12,P1237:P1953
12,P1237:P1971
12,P1237:P1977
7,P1237:P2025
12,P1237:P2040
12,P1237:P2068
12,P1237:P2082
12,P1237:P2083
12,P1237:P2091
12,P1237:P2100
12,P1237:P2103
12,P1237:P2122
12,P1237:P2131
12,P1237:P2138
12,P1237:P2223
12,P1237:P2229
12,P1237:P2231
12,P1237:P2247
12,P1237:P2248
12,P1237:P2280
12,P1237:P2283
12,P1237:P2291
12,P1237:P2298
12,P1237:P2320
12,P1237:P2327
12,P1237:P2335
12,P1237:P2341
12,P1237:P2395
12,P1237:P2415
42,P1237:P2442
12,P1237:P2452
39,P1237:P2453
22,P1237:P2455
12,P1237:P2460
12,P1237:P2581
12,P1237:P2585
12,P1237:P2610
12,P1237:P2622
12,P1237:P2625
0,P1238:P1978
28,P1239:P2324
3,P1240:P1485
24,P1240:P1489
3,P1240:P1511
3,P1240:P1782
28,P1240:P1794
3,P1240:P1807
3,P1240:P1808
36,P1240:P1821
3,P1240:P1847
0,P1240:P1978
45,P1240:P1989
36,P1240:P2028
23,P1240:P2030
3,P1240:P2072
48,P1240:P2316
15,P1240:P2318
23,P1240:P2332
15,P1240:P2387
48,P1240:P2388
15,P1240:P2392
48,P1240:P2395
3,P1240:P2421
3,P1240:P2423
15,P1240:P2442
28,P1240:P2454
15,P1240:P2621
22,P1240:P2688
8,P1241:P1499
3,P1241:P1797
3,P1241:P1798
3,P1241:P1951
16,P1242:P1983
24,P1243:P1489
3,P1243:P1753
3,P1243:P1784
3,P1243:P1797
3,P1243:P1798
3,P1243:P1803
3,P1243:P1804
3,P1243:P1945
3,P1243:P1968
3,P1243:P1975
3,P1243:P2043
3,P1243:P2069
3,P1243:P2087
32,P1243:P2120
3,P1243:P2232
3,P1243:P2233
3,P1243:P2236
45,P1243:P2321
5,P1243:P2435
22,P1243:P2575
16,P1243:P2590
16,P1243:P2594
16,P1243:P2598
36,P1245:P1776
3,P1245:P1797
0,P1245:P1978
22,P1245:P2101
48,P1247:P2659
23,P1248:P2030
36,P1249:P1785
28,P1249:P1794
36,P1249:P1813
16,P1249:P1983
19,P1250:P1501
28,P1251:P2092
19,P1252:P1501
7,P1253:P2025
36,P1254:P1783
36,P1255:P1814
3,P1255:P1951
3,P1255:P1958
3,P1255:P1975
36,P1255:P2028
3,P1255:P2068
3,P1255:P2223
0,P1256:P1978
3,P1257:P1803
26,P1257:P2102
48,P1257:P2395
0,P1259:P1978
36,P1259:P2028
36,P1259:P2661
0,P1260:P1988
45,P1260:P1989
7,P1260:P2025
23,P1260:P2030
15,P1260:P2314
23,P1260:P2432
15,P1260:P2621
36,P1261:P2028
42,P1264:P2309
42,P1264:P2442
23,P1265:P2030
15,P1266:P2314
15,P1268:P2392
0,P1269:P1978
16,P1269:P1983
48,P1269:P1987
7,P1269:P2025
15,P1269:P2315
42,P1270:P2309
22,P1271:P2030
0,P1272:P1978
3,P1273:P1797
23,P1274:P2030
0,P1275:P1978
36,P1276:P1807
48,P1276:P1815
3,P1276:P1817
7,P1276:P2025
15,P1276:P2289
23,P1276:P2334
28,P1277:P1795
16,P1278:P1983
23,P1281:P2027
23,P1281:P2030
22,P1282:P1978
23,P1286:P2030
32,P1289:P1378
32,P1289:P1486
32,P1289:P1829
32,P1289:P2141
22,P1290:P2442
46,P1291:P1776
47,P1292:P1537
13,P1292:P1684
13,P1292:P1827
13,P1292:P1845
22,P1292:P1944
13,P1292:P1948
13,P1292:P1952
13,P1292:P1959
13,P1292:P1960
13,P1292:P1994
13,P1292:P1995
13,P1292:P1997
23,P1292:P2030
13,P1292:P2097
13,P1292:P2120
13,P1292:P2136
13,P1292:P2140
13,P1292:P2141
13,P1292:P2142
13,P1292:P2143
13,P1292:P2213
13,P1292:P2221
13,P1292:P2223
22,P1292:P2224
13,P1292:P2226
13,P1292:P2230
13,P1292:P2234
13,P1292:P2237
13,P1292:P2251
13,P1292:P2260
13,P1292:P2264
13,P1292:P2265
13,P1292:P2270
13,P1292:P2272
13,P1292:P2279
13,P1292:P2286
13,P1292:P2335
13,P1292:P2337
13,P1292:P2340
13,P1292:P2410
13,P1292:P2417
13,P1292:P2419
13,P1292:P2456
13,P1292:P2580
13,P1292:P2584
13,P1292:P2601
13,P1292:P2614
13,P1292:P2629
27,P1293:P1768
32,P1293:P1791
36,P1293:P1814
32,P1293:P1837
32,P1293:P1842
27,P1293:P1955
0,P1293:P1968
16,P1293:P1983
32,P1293:P2036
23,P1294:P2030
23,P1294:P2334
22,P1294:P2688
32,P1295:P2038
15,P1296:P2314
36,P1296:P2664
28,P1297:P1980
16,P1297:P1983
45,P1297:P1989
20,P1298:P1799
20,P1298:P1809
20,P1298:P1958
20,P1298:P2025
20,P1298:P2039
20,P1298:P2070
20,P1298:P2088
20,P1298:P2089
20,P1298:P2090
20,P1298:P2248
20,P1298:P2273
20,P1298:P2276
20,P1298:P2287
42,P1298:P2309
20,P1298:P2325
20,P1298:P2328
20,P1298:P2330
20,P1298:P2333
20,P1298:P2336
20,P1298:P2420
20,P1298:P2422
20,P1298:P2434
20,P1298:P2438
20,P1298:P2461
20,P1298:P2589
20,P1298:P2591
20,P1298:P2612
10,P1298:P2613
36,P1299:P1637
36,P1299:P1776
28,P1299:P1794
3,P1299:P1798
36,P1299:P1814
32,P1299:P1816
32,P1299:P1829
23,P1299:P2023
5,P1299:P2032
23,P1299:P2067
36,P1299:P2072
32,P1299:P2120
23,P1299:P2332
36,P1299:P2407
36,P1299:P2421
28,P1299:P2454
42,P1299:P2456
48,P1299:P2459
36,P1299:P2602
15,P1300:P2314
36,P1301:P1824
36,P1303:P1776
28,P1303:P1778
28,P1303:P1779
28,P1303:P1781
28,P1303:P1826
28,P1303:P1956
28,P1303:P1964
28,P1303:P1974
27,P1303:P2226
27,P1303:P2227
28,P1303:P2228
42,P1303:P2309
28,P1303:P2386
28,P1303:P2454
30,P1304:P1683
30,P1304:P1760
30,P1304:P1798
30,P1304:P1809
30,P1304:P1815
30,P1304:P1819
30,P1304:P1821
23,P1304:P2030
30,P1304:P2067
30,P1304:P2131
30,P1304:P2210
30,P1304:P2218
30,P1304:P2409
30,P1304:P2413
30,P1304:P2416
30,P1304:P2430
30,P1304:P2436
30,P1304:P2437
30,P1304:P2603
30,P1304:P2609
30,P1304:P2659
30,P1304:P2664
49,P1305:P1554
49,P1305:P1575
49,P1305:P1635
49,P1305:P1716
49,P1305:P1802
49,P1305:P1833
16,P1305:P1983
49,P1305:P1988
49,P1305:P2121
49,P1305:P2129
49,P1305:P2131
22,P1305:P2215
49,P1305:P2216
49,P1305:P2217
49,P1305:P2235
49,P1305:P2242
49,P1305:P2294
49,P1305:P2297
49,P1305:P2307
49,P1305:P2619
49,P1306:P1800
26,P1306:P2102
7,P1307:P2025
3,P1307:P2068
3,P1307:P2223
5,P1307:P2329
48,P1307:P2395
49,P1308:P2405
8,P1309:P1499
19,P1309:P1501
47,P1309:P1733
27,P1309:P1784
49,P1309:P1836
49,P1309:P2132
8,P1309:P2133
49,P1309:P2252
49,P1309:P2265
49,P1309:P2269
49,P1309:P2278
15,P1309:P2314
49,P1309:P2565
32,P1310:P2038
15,P1311:P2144
22,P1313:P1978
16,P1314:P1983
22,P1315:P2030
36,P1316:P1637
32,P1316:P1831
5,P1316:P1839
32,P1316:P1844
36,P1316:P1959
36,P1316:P2079
32,P1316:P2080
15,P1316:P2144
32,P1316:P2340
7,P1316:P2414
5,P1316:P2436
23,P1317:P2030
23,P1317:P2332
23,P1317:P2432
33,P1318:P1814
33,P1318:P1978
33,P1318:P1979
33,P1318:P2026
33,P1318:P2028
33,P1318:P2144
33,P1318:P2282
33,P1318:P2311
42,P1318:P2337
33,P1318:P2391
33,P1318:P2401
33,P1318:P2412
33,P1318:P2413
33,P1318:P2416
33,P1318:P2424
39,P1318:P2453
33,P1318:P2461
33,P1318:P2568
33,P1318:P2607
33,P1318:P2667
22,P1318:P2687
23,P1319:P2030
46,P1319:P2240
46,P1319:P2245
46,P1319:P2324
46,P1319:P2426
46,P1319:P2630
42,P1319:P2633
33,P1320:P2024
33,P1320:P2031
36,P1321:P1821
23,P1321:P2030
23,P1321:P2033
15,P1321:P2312
0,P1322:P1988
23,P1322:P2030
23,P1324:P2030
22,P1325:P2442
23,P1326:P2030
15,P1327:P2310
45,P1329:P1979
16,P1329:P1983
0,P1329:P1984
7,P1329:P2025
42,P1329:P2311
42,P1329:P2318
42,P1329:P2387
42,P1329:P2449
45,P1330:P1979
0,P1331:P1978
22,P1333:P2312
36,P1334:P2485
0,P1335:P1978
23,P1336:P2030
42,P1336:P2309
33,P1336:P2313
33,P1336:P2323
33,P1336:P2395
33,P1337:P1981
33,P1337:P2395
33,P1337:P2396
33,P1337:P2401
39,P1337:P2453
42,P1337:P2633
42,P1338:P2387
33,P1339:P1978
16,P1339:P1983
33,P1339:P1988
42,P1339:P2315
23,P1340:P2030
45,P1342:P1979
0,P1343:P1978
28,P1343:P1980
0,P1343:P1985
0,P1343:P1987
0,P1343:P1988
15,P1343:P2314
15,P1343:P2389
15,P1343:P2623
0,P1343:P2627
0,P1344:P1978
0,P1345:P1978
40,P1346:P1384
40,P1346:P1385
40,P1346:P1386
40,P1346:P1390
40,P1346:P1392
40,P1346:P1398
40,P1346:P1402
40,P1346:P1405
40,P1346:P1410
40,P1346:P1522
40,P1346:P1548
40,P1346:P1610
40,P1346:P1611
22,P1346:P1618
40,P1346:P1676
6,P1346:P1687
40,P1346:P1716
40,P1346:P1729
40,P1346:P1732
40,P1346:P1733
40,P1346:P1743
40,P1346:P1748
40,P1346:P1835
40,P1346:P1931
22,P1346:P2002
40,P1346:P2004
43,P1347:P1537
43,P1348:P1537
6,P1349:P1687
44,P1349:P1729
6,P1350:P1697
40,P1351:P1394
40,P1351:P1590
6,P1351:P1687
40,P1351:P1716
40,P1351:P1729
40,P1352:P1379
40,P1352:P1392
40,P1352:P1393
40,P1352:P1403
40,P1352:P1405
40,P1352:P1515
40,P1352:P1526
40,P1352:P1556
40,P1352:P1567
40,P1352:P1568
40,P1352:P1570
40,P1352:P1573
40,P1352:P1585
40,P1352:P1605
40,P1352:P1611
40,P1352:P1622
40,P1352:P1624
40,P1352:P1633
40,P1352:P1716
40,P1352:P1722
40,P1352:P1732
40,P1352:P1748
40,P1352:P2004
6,P1353:P1687
6,P1354:P1610
40,P1355:P1411
6,P1355:P1687
40,P1355:P1729
40,P1356:P1392
6,P1356:P1687
40,P1356:P1928
43,P1357:P1394
44,P1357:P1581
6,P1357:P1686
6,P1357:P1687
44,P1357:P1717
44,P1357:P1729
43,P1357:P1733
44,P1358:P1729
44,P1359:P1729
4,P1360:P1716
44,P1361:P1581
43,P1361:P1733
43,P1362:P1394
43,P1362:P1745
43,P1363:P1572
43,P1363:P1590
43,P1363:P1732
6,P1363:P1734
44,P1363:P1737
43,P1363:P2004
34,P1364:P1722
34,P1365:P1380
43,P1365:P1391
34,P1365:P1411
43,P1365:P1415
43,P1365:P1537
43,P1365:P1622
34,P1365:P1737
44,P1366:P1392
43,P1366:P1394
44,P1366:P1397
44,P1366:P1518
44,P1366:P1548
44,P1366:P1574
44,P1366:P1677
44,P1366:P1729
44,P1366:P1914
34,P1367:P1536
34,P1367:P1716
44,P1368:P1677
6,P1368:P1687
43,P1368:P1703
44,P1369:P1379
43,P1369:P1381
6,P1369:P1606
6,P1370:P1697
44,P1370:P1729
6,P1370:P1748
6,P1371:P1687
6,P1371:P1734
43,P1372:P1716
43,P1373:P1572
43,P1373:P1590
6,P1373:P1687
43,P1374:P1733
43,P1375:P1394
43,P1375:P1407
44,P1375:P1409
44,P1375:P1737
4,P1376:P1394
6,P1376:P1687
4,P1377:P1745
44,P1379:P1445
1,P1379:P1446
27,P1379:P1858
1,P1379:P1866
37,P1392:P1669
37,P1393:P1665
43,P1394:P1431
4,P1394:P1434
43,P1394:P1476
4,P1394:P2653
4,P1394:P2654
4,P1394:P2657
4,P1395:P2654
37,P1401:P1669
37,P1404:P1669
37,P1406:P1669
22,P1414:P2654
6,P1431:P1688
6,P1432:P1697
44,P1432:P1729
44,P1433:P1729
4,P1435:P1716
43,P1436:P1748
43,P1438:P1928
47,P1439:P1537
47,P1440:P1706
43,P1441:P1716
17,P1442:P1537
17,P1442:P1567
17,P1443:P1567
43,P1444:P1716
47,P1446:P1706
47,P1446:P1748
43,P1447:P1716
17,P1448:P1537
43,P1449:P1590
8,P1450:P1499
44,P1451:P1581
43,P1451:P1625
27,P1451:P1753
43,P1452:P1716
17,P1453:P1733
21,P1455:P1493
21,P1456:P1493
44,P1457:P1729
21,P1460:P1581
21,P1461:P1729
14,P1462:P1731
27,P1463:P1753
21,P1464:P1536
43,P1465:P1537
43,P1467:P1567
8,P1468:P1499
27,P1469:P1753
17,P1470:P1537
21,P1470:P1788
29,P1471:P1567
4,P1472:P1590
4,P1472:P1716
44,P1473:P1523
44,P1473:P1576
44,P1473:P1579
44,P1473:P1729
43,P1473:P1928
6,P1474:P1686
43,P1475:P1716
44,P1476:P1726
44,P1476:P1729
43,P1476:P1732
22,P1477:P1729
18,P1477:P1978
18,P1478:P1978
18,P1478:P1979
31,P1478:P2317
31,P1478:P2662
18,P1479:P1978
31,P1480:P1481
18,P1480:P1978
18,P1480:P1979
31,P1480:P2312
49,P1484:P2703
1,P1492:P1507
8,P1492:P1651
37,P1492:P1669
1,P1493:P1507
41,P1493:P1508
41,P1493:P1867
8,P1494:P1856
8,P1499:P1504
8,P1499:P1506
8,P1499:P1509
8,P1499:P1651
8,P1499:P1663
8,P1499:P1856
8,P1499:P1858
8,P1499:P1859
8,P1499:P1862
8,P1499:P1877
8,P1499:P1893
8,P1499:P2045
8,P1499:P2150
8,P1499:P2151
19,P1501:P2014
19,P1501:P2017
19,P1501:P2462
19,P1501:P2474
19,P1501:P2635
19,P1501:P2700
19,P1501:P2701
19,P1501:P2703
47,P1502:P1716
47,P1503:P1733
47,P1504:P1537
1,P1504:P1624
28,P1504:P1627
47,P1504:P1733
41,P1504:P2074
47,P1505:P1537
47,P1505:P1567
47,P1505:P1584
1,P1505:P1624
27,P1505:P1753
1,P1507:P1528
1,P1507:P1533
22,P1507:P1534
1,P1507:P1536
1,P1507:P1559
1,P1507:P1560
1,P1507:P1566
1,P1507:P1581
1,P1507:P1585
1,P1507:P1587
47,P1507:P1590
1,P1507:P1602
1,P1507:P1604
47,P1507:P1628
1,P1507:P1720
1,P1507:P1727
1,P1507:P1750
1,P1507:P1753
1,P1507:P1835
1,P1507:P1923
1,P1507:P1932
1,P1507:P1936
14,P1509:P1612
8,P1509:P1836
0,P1510:P1978
49,P1511:P2703
37,P1521:P1669
37,P1524:P1670
43,P1527:P1653
29,P1536:P1856
43,P1537:P1639
47,P1537:P1651
37,P1537:P1665
47,P1537:P1856
47,P1537:P1857
47,P1537:P1866
17,P1537:P1870
47,P1537:P1871
47,P1537:P1875
47,P1537:P1879
47,P1537:P1888
47,P1537:P1905
47,P1537:P2011
46,P1537:P2013
47,P1537:P2151
47,P1546:P1864
37,P1550:P1669
37,P1565:P1662
37,P1565:P1669
27,P1565:P1864
47,P1566:P1854
43,P1567:P1640
43,P1567:P1666
37,P1567:P1670
47,P1567:P1876
2,P1581:P1651
12,P1581:P1862
1,P1581:P1878
6,P1589:P1665
4,P1590:P2657
37,P1594:P1669
38,P1595:P1875
46,P1595:P2012
37,P1596:P1662
46,P1596:P2013
41,P1612:P1854
37,P1615:P1669
1,P1624:P1854
1,P1624:P1866
46,P1624:P2011
47,P1625:P1864
47,P1625:P2011
28,P1627:P1638
37,P1627:P1661
28,P1627:P1856
37,P1629:P1669
47,P1629:P2151
12,P1633:P1656
21,P1634:P1857
42,P1636:P2317
43,P1640:P1716
47,P1641:P1733
43,P1642:P1716
21,P1643:P1788
43,P1644:P1928
22,P1645:P1788
14,P1646:P1722
43,P1647:P1733
43,P1647:P1928
43,P1648:P1731
17,P1649:P1716
47,P1651:P1733
27,P1651:P1753
47,P1652:P1733
27,P1654:P1753
3,P1655:P1797
27,P1655:P1961
27,P1657:P1946
38,P1658:P1776
27,P1660:P1753
37,P1661:P1733
37,P1661:P1927
37,P1661:P1932
27,P1662:P1753
37,P1662:P1834
37,P1663:P1733
43,P1664:P1716
37,P1665:P1731
37,P1665:P1926
37,P1665:P1928
43,P1666:P1928
22,P1667:P1687
22,P1667:P1753
37,P1668:P1722
43,P1668:P1928
37,P1669:P1722
37,P1669:P1916
37,P1669:P1920
37,P1669:P1928
37,P1669:P1933
37,P1669:P1934
37,P1669:P1936
37,P1669:P1963
37,P1669:P2223
37,P1670:P1722
43,P1671:P1716
37,P1672:P1731
47,P1673:P1733
27,P1673:P1753
46,P1673:P1776
46,P1673:P1958
46,P1682:P2300
22,P1687:P1851
6,P1687:P2668
4,P1688:P2653
4,P1688:P2692
4,P1691:P2654
4,P1697:P2653
4,P1697:P2654
4,P1711:P2654
47,P1716:P1854
47,P1716:P1855
47,P1716:P2016
47,P1716:P2656
46,P1722:P2017
14,P1722:P2658
34,P1722:P2668
4,P1722:P2692
14,P1722:P2696
47,P1731:P1856
47,P1731:P1862
47,P1731:P2011
47,P1732:P1850
47,P1733:P1849
47,P1733:P1857
47,P1733:P1860
47,P1733:P1862
47,P1733:P1888
47,P1733:P1897
47,P1733:P1900
46,P1738:P2695
4,P1745:P2654
46,P1750:P2699
1,P1753:P1853
27,P1753:P1858
27,P1753:P1860
27,P1753:P1861
27,P1753:P1873
27,P1753:P1878
27,P1753:P1897
27,P1753:P1903
27,P1753:P2021
27,P1753:P2046
27,P1753:P2066
27,P1753:P2147
27,P1753:P2149
27,P1753:P2151
27,P1753:P2175
27,P1753:P2176
27,P1753:P2178
27,P1753:P2184
27,P1753:P2191
27,P1753:P2196
27,P1753:P2500
27,P1753:P2530
1,P1757:P1853
1,P1759:P1853
1,P1759:P1865
1,P1759:P2151
38,P1762:P1875
46,P1763:P2188
46,P1763:P2703
1,P1767:P1853
38,P1770:P1875
12,P1771:P1874
36,P1776:P1883
36,P1776:P1886
36,P1776:P2150
46,P1778:P2699
28,P1778:P2702
49,P1778:P2703
46,P1782:P2699
27,P1784:P1858
27,P1784:P2047
27,P1784:P2299
49,P1785:P2703
1,P1786:P1865
28,P1795:P2058
3,P1797:P2051
46,P1797:P2065
22,P1797:P2152
3,P1797:P2538
1,P1798:P1853
3,P1798:P1856
3,P1798:P2063
3,P1798:P2182
3,P1798:P2191
46,P1798:P2545
46,P1803:P2698
5,P1809:P2059
5,P1809:P2150
49,P1809:P2188
0,P1810:P2306
32,P1810:P2376
49,P1810:P2700
48,P1815:P2362
0,P1819:P2057
36,P1821:P2348
36,P1821:P2369
38,P1822:P1875
28,P1826:P2118
32,P1829:P1887
35,P1832:P1856
29,P1834:P1856
32,P1838:P1887
32,P1841:P1887
12,P1842:P1884
7,P1845:P2012
34,P1846:P2668
43,P1852:P1928
47,P1854:P1928
29,P1856:P1920
3,P1856:P1923
3,P1856:P1950
3,P1856:P2223
21,P1857:P1927
27,P1862:P2068
47,P1864:P1928
36,P1872:P1918
47,P1872:P1928
12,P1873:P1927
47,P1878:P1928
12,P1879:P1971
46,P1880:P1958
27,P1881:P1946
7,P1882:P2025
27,P1883:P1946
7,P1885:P2025
32,P1887:P2038
46,P1895:P1971
49,P1896:P2294
46,P1903:P1971
22,P1904:P2085
7,P1905:P1996
7,P1905:P1998
32,P1905:P2035
32,P1906:P2120
28,P1907:P2126
22,P1908:P2508
36,P1908:P2550
36,P1908:P2551
49,P1910:P2703
49,P1911:P2703
45,P1912:P2151
4,P1914:P2653
46,P1924:P2012
47,P1929:P2151
46,P1935:P2012
46,P1942:P2012
27,P1946:P2011
46,P1946:P2012
27,P1946:P2179
38,P1949:P2148
27,P1951:P2150
3,P1954:P2176
29,P1957:P2151
27,P1962:P2151
46,P1965:P2012
12,P1968:P2174
0,P1968:P2176
46,P1968:P2302
46,P1968:P2528
46,P1968:P2538
46,P1968:P2539
45,P1977:P2062
0,P1978:P2044
0,P1978:P2151
9,P1978:P2345
0,P1978:P2363
18,P1978:P2369
0,P1978:P2381
0,P1978:P2476
0,P1978:P2522
0,P1978:P2552
0,P1978:P2640
0,P1978:P2682
18,P1978:P2699
45,P1979:P2201
45,P1979:P2362
45,P1979:P2364
45,P1979:P2371
45,P1979:P2474
9,P1979:P2494
45,P1979:P2498
45,P1979:P2507
45,P1979:P2682
18,P1979:P2697
28,P1980:P2382
28,P1980:P2479
28,P1980:P2525
46,P1980:P2638
45,P1981:P2156
45,P1981:P2168
45,P1981:P2169
45,P1981:P2186
45,P1981:P2359
18,P1981:P2369
9,P1981:P2486
45,P1981:P2487
45,P1981:P2507
45,P1981:P2516
18,P1981:P2700
16,P1983:P2186
16,P1983:P2199
16,P1983:P2356
16,P1983:P2369
16,P1983:P2488
16,P1983:P2494
16,P1983:P2498
16,P1983:P2512
16,P1983:P2513
16,P1983:P2516
16,P1983:P2517
16,P1983:P2519
16,P1983:P2525
16,P1983:P2700
0,P1984:P2366
0,P1984:P2525
22,P1985:P2162
48,P1987:P2063
0,P1988:P2359
45,P1989:P2201
45,P1989:P2363
45,P1989:P2371
45,P1989:P2374
45,P1989:P2474
45,P1989:P2497
45,P1989:P2534
46,P1991:P2012
49,P1999:P2703
4,P2004:P2653
4,P2004:P2654
4,P2008:P2655
4,P2010:P2654
7,P2012:P2025
46,P2012:P2077
46,P2012:P2078
46,P2012:P2227
46,P2012:P2249
46,P2012:P2267
46,P2012:P2278
7,P2018:P2025
27,P2019:P2225
5,P2021:P2098
46,P2022:P2223
7,P2025:P2048
7,P2025:P2053
7,P2025:P2058
7,P2025:P2061
7,P2025:P2153
7,P2025:P2160
7,P2025:P2165
7,P2025:P2167
7,P2025:P2170
7,P2025:P2179
7,P2025:P2186
7,P2025:P2188
7,P2025:P2194
7,P2025:P2195
7,P2025:P2197
7,P2025:P2202
7,P2025:P2305
22,P2025:P2349
7,P2025:P2351
7,P2025:P2361
7,P2025:P2371
7,P2025:P2377
7,P2025:P2384
7,P2025:P2477
7,P2025:P2489
7,P2025:P2496
7,P2025:P2503
7,P2025:P2510
7,P2025:P2521
7,P2025:P2527
7,P2025:P2532
7,P2025:P2536
7,P2025:P2539
7,P2025:P2555
7,P2025:P2640
7,P2025:P2685
23,P2026:P2344
23,P2026:P2373
23,P2026:P2380
23,P2029:P2476
23,P2029:P2559
23,P2030:P2049
23,P2030:P2149
23,P2030:P2153
23,P2030:P2155
23,P2030:P2161
23,P2030:P2185
23,P2030:P2200
23,P2030:P2353
23,P2030:P2355
23,P2030:P2358
23,P2030:P2359
23,P2030:P2363
23,P2030:P2378
23,P2030:P2379
23,P2030:P2492
23,P2030:P2496
23,P2030:P2531
23,P2030:P2537
23,P2030:P2542
23,P2030:P2555
23,P2030:P2697
0,P2031:P2059
28,P2042:P2050
41,P2048:P2074
22,P2050:P2076
26,P2052:P2102
36,P2056:P2078
0,P2057:P2100
36,P2057:P2246
23,P2057:P2332
36,P2057:P2572
22,P2057:P2593
5,P2058:P2073
32,P2058:P2083
3,P2058:P2122
3,P2060:P2081
23,P2067:P2347
23,P2067:P2383
46,P2075:P2528
36,P2086:P2476
36,P2094:P2476
26,P2102:P2146
26,P2102:P2343
26,P2102:P2698
28,P2119:P2180
32,P2120:P2150
32,P2120:P2151
32,P2120:P2181
36,P2123:P2507
5,P2125:P2153
45,P2127:P2167
32,P2135:P2151
32,P2135:P2495
12,P2135:P2500
12,P2135:P2501
12,P2135:P2502
12,P2135:P2504
32,P2139:P2186
15,P2144:P2346
46,P2145:P2294
22,P2149:P2271
22,P2153:P2593
15,P2153:P2631
5,P2154:P2435
15,P2154:P2448
18,P2154:P2576
15,P2154:P2621
42,P2154:P2633
45,P2156:P2262
39,P2156:P2453
42,P2156:P2633
9,P2157:P2285
39,P2158:P2453
12,P2164:P2223
0,P2166:P2244
36,P2167:P2261
7,P2167:P2588
45,P2171:P2285
15,P2171:P2290
45,P2171:P2322
15,P2171:P2387
7,P2171:P2413
15,P2171:P2446
39,P2171:P2453
45,P2171:P2592
16,P2171:P2597
16,P2171:P2615
3,P2176:P2223
27,P2177:P2225
27,P2179:P2223
27,P2179:P2231
3,P2182:P2223
0,P2186:P2258
49,P2188:P2307
46,P2189:P2223
42,P2199:P2315
36,P2201:P2252
42,P2201:P2336
45,P2201:P2567
33,P2205:P2322
42,P2207:P2620
23,P2208:P2334
49,P2211:P2703
46,P2223:P2302
46,P2223:P2636
18,P2244:P2369
0,P2244:P2370
36,P2253:P2476
36,P2253:P2507
36,P2255:P2525
46,P2256:P2639
0,P2257:P2476
16,P2259:P2380
36,P2260:P2507
45,P2262:P2559
7,P2268:P2301
7,P2275:P2380
45,P2280:P2533
45,P2280:P2541
45,P2285:P2304
45,P2306:P2399
42,P2309:P2478
49,P2310:P2703
15,P2314:P2514
49,P2317:P2703
35,P2319:P2369
7,P2333:P2380
23,P2334:P2351
23,P2334:P2353
23,P2334:P2355
23,P2334:P2368
23,P2334:P2379
23,P2334:P2385
23,P2334:P2525
7,P2335:P2380
22,P2338:P2703
32,P2340:P2375
23,P2342:P2432
36,P2352:P2407
30,P2354:P2585
15,P2355:P2621
45,P2356:P2604
7,P2359:P2417
39,P2365:P2453
45,P2368:P2429
18,P2369:P2393
42,P2369:P2451
42,P2369:P2457
42,P2369:P2633
7,P2371:P2417
39,P2375:P2453
10,P2380:P2412
7,P2380:P2427
7,P2380:P2434
7,P2380:P2461
28,P2380:P2480
15,P2385:P2621
7,P2416:P2558
46,P2426:P2545
7,P2427:P2525
23,P2432:P2514
49,P2439:P2703
42,P2440:P2666
42,P2442:P2665
39,P2453:P2682
15,P2457:P2476
42,P2457:P2524
42,P2457:P2558
9,P2486:P2592
15,P2515:P2633
15,P2523:P2632
16,P2525:P2596
36,P2525:P2616
45,P2526:P2567
0,P2529:P2604
7,P2535:P2579
7,P2535:P2583
22,P2537:P2593
33,P2543:P2595
42,P2543:P2633
45,P2544:P2592
22,P2557:P2593
42,P2561:P2633
38,P2604:P2634
3,P2604:P2640
